source_table,ods_table,business_area,data_domain,domain_name,source_kind,disposition,target_layer,target_table,grain,load_strategy,optional_module,confidence,sensitivity,rationale
acc_accounting_rule,ods_fineract_acc_accounting_rule,FMAN,FINA,总账与财务,master_or_reference,standalone_dimension,DIM,dim_accounting_rule,id,full_snapshot,False,human_reviewed,internal,Accounting rule is stable reference data with explicit office and GL roles.
acc_gl_account,ods_fineract_acc_gl_account,FMAN,FINA,总账与财务,master_or_reference,standalone_dimension,DIM,dim_gl_account,id,full_snapshot,False,human_reviewed,internal,GL account is a conformed hierarchical dimension.
acc_gl_closure,ods_fineract_acc_gl_closure,FMAN,FINA,总账与财务,master_or_reference,standalone_fact,DWD,dwd_gl_close_event,id,full_replay,False,human_reviewed,internal,Closing event is valid after replacing the invalid generated finance-management code.
acc_gl_financial_activity_account,ods_fineract_acc_gl_financial_activity_account,FMAN,FINA,总账与财务,master_or_reference,component_source,NONE,,id,ods_full_snapshot,False,candidate,internal,已完成领域和处置分类；未通过独立粒度评审，保留 ODS 并作为后续维度、事实、快照或运维模型的候选组成来源。
acc_gl_journal_entry,ods_fineract_acc_gl_journal_entry,FMAN,FINA,总账与财务,event_or_relation,standalone_fact,DWD,dwd_gl_journal_entry,id,full_replay,False,human_reviewed,internal,Source is the authoritative journal-line fact with explicit GL and source-transaction roles.
acc_gl_journal_entry_annual_summary,ods_fineract_acc_gl_journal_entry_annual_summary,FMAN,FINA,总账与财务,event_or_relation,snapshot_source,DWD,dwd_gl_annual_balance_snapshot,"gl_code, product_id, office_id, currency_code, owner_external_id, manual_entry, year_end_date",full_replay,False,human_reviewed,internal,Annual snapshot is valid but semantic grain must replace the generated surrogate-id grain.
acc_product_mapping,ods_fineract_acc_product_mapping,FMAN,FINA,总账与财务,master_or_reference,standalone_dimension,DIM,bridge_product_gl_mapping,id,full_snapshot,False,human_reviewed,internal,"Source is accounting configuration, not a transaction fact."
acc_rule_tags,ods_fineract_acc_rule_tags,FMAN,FINA,总账与财务,master_or_reference,rule_reference,NONE,,id,ods_full_snapshot,False,candidate,internal,已完成领域和处置分类；未通过独立粒度评审，保留 ODS 并作为后续维度、事实、快照或运维模型的候选组成来源。
batch_custom_job_parameters,ods_fineract_batch_custom_job_parameters,OTHR,OPER,平台运营与安全,technical,security_excluded,NONE,,id,ods_full_snapshot,False,security_reviewed,restricted,包含秘密、认证信息或高风险自由文本，仅保留受限 ODS，禁止进入普通分析层。
c_account_number_format,ods_fineract_c_account_number_format,OTHR,REFR,公共参考与元数据,master_or_reference,component_source,NONE,,id,ods_full_snapshot,False,candidate,internal,已完成领域和处置分类；未通过独立粒度评审，保留 ODS 并作为后续维度、事实、快照或运维模型的候选组成来源。
c_cache,ods_fineract_c_cache,OTHR,OPER,平台运营与安全,technical,operational_only,NONE,,id,ods_full_snapshot,False,candidate,internal,已完成领域和处置分类；未通过独立粒度评审，保留 ODS 并作为后续维度、事实、快照或运维模型的候选组成来源。
c_configuration,ods_fineract_c_configuration,OTHR,REFR,公共参考与元数据,technical,operational_only,NONE,,id,ods_full_snapshot,False,candidate,internal,已完成领域和处置分类；未通过独立粒度评审，保留 ODS 并作为后续维度、事实、快照或运维模型的候选组成来源。
c_external_service,ods_fineract_c_external_service,OTHR,OTHR,其它银行运营,technical,operational_only,NONE,,id,ods_full_snapshot,False,candidate,internal,已完成领域和处置分类；未通过独立粒度评审，保留 ODS 并作为后续维度、事实、快照或运维模型的候选组成来源。
c_external_service_properties,ods_fineract_c_external_service_properties,OTHR,OTHR,其它银行运营,technical,security_excluded,NONE,,source row,ods_full_snapshot,False,security_reviewed,restricted,包含密码、令牌或认证凭据，仅保留受限 ODS，禁止进入普通分析层。
glim_accounts,ods_fineract_glim_accounts,LOAN,LOAN,贷款与信贷,master_or_reference,component_source,NONE,,id,ods_full_snapshot,False,candidate,restricted,已完成领域和处置分类；未通过独立粒度评审，保留 ODS 并作为后续维度、事实、快照或运维模型的候选组成来源。
gsim_accounts,ods_fineract_gsim_accounts,DPST,DPST,存款与储蓄,master_or_reference,component_source,NONE,,id,ods_full_snapshot,False,candidate,restricted,已完成领域和处置分类；未通过独立粒度评审，保留 ODS 并作为后续维度、事实、快照或运维模型的候选组成来源。
interop_identifier,ods_fineract_interop_identifier,PAYM,PAYM,支付结算,master_or_reference,component_source,NONE,,id,ods_full_snapshot,False,candidate,internal,已完成领域和处置分类；未通过独立粒度评审，保留 ODS 并作为后续维度、事实、快照或运维模型的候选组成来源。
job,ods_fineract_job,OTHR,OPER,平台运营与安全,technical,security_excluded,NONE,,id,ods_full_snapshot,False,security_reviewed,restricted,包含密码、令牌或认证凭据，仅保留受限 ODS，禁止进入普通分析层。
job_parameters,ods_fineract_job_parameters,OTHR,OPER,平台运营与安全,technical,security_excluded,NONE,,id,ods_full_snapshot,False,security_reviewed,restricted,包含秘密、认证信息或高风险自由文本，仅保留受限 ODS，禁止进入普通分析层。
job_run_history,ods_fineract_job_run_history,OTHR,OPER,平台运营与安全,technical,operational_only,NONE,,id,ods_full_snapshot,False,candidate,internal,已完成领域和处置分类；未通过独立粒度评审，保留 ODS 并作为后续维度、事实、快照或运维模型的候选组成来源。
m_account_transfer_details,ods_fineract_m_account_transfer_details,PAYM,PAYM,支付结算,event_or_relation,bridge_source,DWD,dwd_account_transfer_instruction,id,full_replay,False,human_reviewed,restricted,"Source is the transfer header and endpoint relationship, not the dated transfer transaction."
m_account_transfer_standing_instructions,ods_fineract_m_account_transfer_standing_instructions,PAYM,PAYM,支付结算,event_or_relation,component_source,NONE,,id,ods_full_snapshot,False,candidate,internal,已完成领域和处置分类；未通过独立粒度评审，保留 ODS 并作为后续维度、事实、快照或运维模型的候选组成来源。
m_account_transfer_standing_instructions_history,ods_fineract_m_account_transfer_standing_instructions_history,PAYM,PAYM,支付结算,event_or_relation,standalone_fact,DWD,dwd_standing_instruction_event,id,full_replay,False,human_reviewed,restricted,"Source records each instruction execution with status, amount and error context."
m_account_transfer_transaction,ods_fineract_m_account_transfer_transaction,PAYM,PAYM,支付结算,event_or_relation,standalone_fact,DWD,dwd_account_transfer_transaction,id,full_replay,False,human_reviewed,restricted,Source has a dated monetary transfer event and links both ledger-side transactions.
m_address,ods_fineract_m_address,CLNT,CUST,客户与参与方,master_or_reference,standalone_dimension,DIM,dim_address,id,full_snapshot,False,human_reviewed,restricted,Address is reusable party reference data but must remain PII protected.
m_adhoc,ods_fineract_m_adhoc,OTHR,OTHR,其它银行运营,technical,security_excluded,NONE,,id,ods_full_snapshot,False,security_reviewed,restricted,包含密码、令牌或认证凭据，仅保留受限 ODS，禁止进入普通分析层。
m_appuser,ods_fineract_m_appuser,OTHR,OPER,平台运营与安全,technical,security_excluded,NONE,,id,ods_full_snapshot,False,security_reviewed,restricted,包含密码、令牌或认证凭据，仅保留受限 ODS，禁止进入普通分析层。
m_appuser_previous_password,ods_fineract_m_appuser_previous_password,OTHR,OPER,平台运营与安全,technical,security_excluded,NONE,,id,ods_full_snapshot,False,security_reviewed,restricted,包含密码、令牌或认证凭据，仅保留受限 ODS，禁止进入普通分析层。
m_appuser_role,ods_fineract_m_appuser_role,OTHR,OPER,平台运营与安全,technical,security_excluded,NONE,,"appuser_id, role_id",ods_full_snapshot,False,security_reviewed,restricted,包含密码、令牌或认证凭据，仅保留受限 ODS，禁止进入普通分析层。
m_batch_business_steps,ods_fineract_m_batch_business_steps,OTHR,OTHR,其它银行运营,master_or_reference,component_source,NONE,,id,ods_full_snapshot,False,candidate,internal,已完成领域和处置分类；未通过独立粒度评审，保留 ODS 并作为后续维度、事实、快照或运维模型的候选组成来源。
m_business_date,ods_fineract_m_business_date,OTHR,OPER,平台运营与安全,master_or_reference,component_source,NONE,,id,ods_full_snapshot,False,candidate,internal,已完成领域和处置分类；未通过独立粒度评审，保留 ODS 并作为后续维度、事实、快照或运维模型的候选组成来源。
m_calendar,ods_fineract_m_calendar,CHNL,CHNL,渠道与客户服务,master_or_reference,standalone_dimension,DIM,dim_meeting_calendar,id,full_snapshot,False,human_reviewed,internal,"Source represents recurring meetings and events, not the bank working-day calendar."
m_calendar_history,ods_fineract_m_calendar_history,CHNL,CHNL,渠道与客户服务,event_or_relation,component_source,NONE,,id,ods_full_snapshot,False,candidate,internal,已完成领域和处置分类；未通过独立粒度评审，保留 ODS 并作为后续维度、事实、快照或运维模型的候选组成来源。
m_calendar_instance,ods_fineract_m_calendar_instance,CHNL,CHNL,渠道与客户服务,master_or_reference,component_source,NONE,,id,ods_full_snapshot,False,candidate,internal,已完成领域和处置分类；未通过独立粒度评审，保留 ODS 并作为后续维度、事实、快照或运维模型的候选组成来源。
m_cashier_transactions,ods_fineract_m_cashier_transactions,PAYM,PAYM,支付结算,event_or_relation,standalone_fact,DWD,dwd_cashier_transaction,id,full_replay,False,human_reviewed,internal,Source is a dated cashier-level monetary transaction.
m_cashiers,ods_fineract_m_cashiers,PAYM,PAYM,支付结算,master_or_reference,component_source,NONE,,id,ods_full_snapshot,False,candidate,internal,已完成领域和处置分类；未通过独立粒度评审，保留 ODS 并作为后续维度、事实、快照或运维模型的候选组成来源。
m_charge,ods_fineract_m_charge,OTHR,PROD,产品、定价与税费,master_or_reference,standalone_dimension,DIM,dim_charge_definition,id,full_snapshot,False,human_reviewed,internal,"Source is a complete charge definition, not merely a charge type code."
m_client,ods_fineract_m_client,CLNT,CUST,客户与参与方,master_or_reference,standalone_dimension,DIM,dim_customer,id,full_snapshot,False,human_reviewed,restricted,Customer remains a conformed dimension but requires SCD2 and PII controls.
m_client_address,ods_fineract_m_client_address,CLNT,CUST,客户与参与方,master_or_reference,bridge_source,DWD,bridge_customer_address,id,full_replay,False,human_reviewed,restricted,Source is a relationship bridge and lacks an effective-date history.
m_client_attendance,ods_fineract_m_client_attendance,CLNT,CUST,客户与参与方,event_or_relation,standalone_fact,DWD,dwd_group_meeting_attendance,id,full_replay,False,human_reviewed,restricted,Attendance must join the meeting/calendar chain to acquire a business date.
m_client_charge,ods_fineract_m_client_charge,CLNT,CUST,客户与参与方,master_or_reference,snapshot_source,DWD,dwd_client_charge,id,full_replay,False,human_reviewed,restricted,"Amount paid, waived, written off and outstanding describe an accumulating receivable."
m_client_charge_paid_by,ods_fineract_m_client_charge_paid_by,CLNT,CUST,客户与参与方,event_or_relation,standalone_fact,DWD,dwd_client_charge_allocation,"client_charge_id, client_transaction_id, id",full_replay,False,human_reviewed,restricted,Allocation requires its parent client transaction to supply event date and customer context.
m_client_collateral_management,ods_fineract_m_client_collateral_management,LOAN,LOAN,贷款与信贷,master_or_reference,component_source,NONE,,id,ods_full_snapshot,False,candidate,internal,已完成领域和处置分类；未通过独立粒度评审，保留 ODS 并作为后续维度、事实、快照或运维模型的候选组成来源。
m_client_identifier,ods_fineract_m_client_identifier,CLNT,CUST,客户与参与方,master_or_reference,bridge_source,NONE,,id,ods_full_snapshot,False,candidate,restricted,经人工复核不应直接生成分析事实；保留受控 ODS，并按明确的规则、关系或运维用途参与后续模型设计。
m_client_non_person,ods_fineract_m_client_non_person,CLNT,CUST,客户与参与方,master_or_reference,component_source,NONE,,id,ods_full_snapshot,False,candidate,restricted,已完成领域和处置分类；未通过独立粒度评审，保留 ODS 并作为后续维度、事实、快照或运维模型的候选组成来源。
m_client_transaction,ods_fineract_m_client_transaction,CLNT,CUST,客户与参与方,event_or_relation,standalone_fact,DWD,dwd_client_transaction,id,full_replay,False,human_reviewed,restricted,"Source has a dated customer transaction, amount and reversal semantics."
m_client_transfer_details,ods_fineract_m_client_transfer_details,CLNT,CUST,客户与参与方,event_or_relation,snapshot_source,DWD,dwd_customer_transfer_event,id,full_replay,False,human_reviewed,restricted,Source records a customer transfer lifecycle with endpoint offices and status dates.
m_code,ods_fineract_m_code,OTHR,REFR,公共参考与元数据,master_or_reference,component_source,NONE,,id,ods_full_snapshot,False,candidate,internal,已完成领域和处置分类；未通过独立粒度评审，保留 ODS 并作为后续维度、事实、快照或运维模型的候选组成来源。
m_code_value,ods_fineract_m_code_value,OTHR,REFR,公共参考与元数据,master_or_reference,standalone_dimension,DIM,dim_code_value,"code_id, id",full_snapshot,False,human_reviewed,internal,Code-set context is required to interpret repeated labels and values safely.
m_collateral_management,ods_fineract_m_collateral_management,LOAN,LOAN,贷款与信贷,master_or_reference,standalone_dimension,DIM,dim_collateral_type,id,full_snapshot,False,human_reviewed,internal,Customer-owned collateral is a separate source; this table is a type and valuation catalog.
m_command,ods_fineract_m_command,OTHR,OPER,平台运营与安全,technical,security_excluded,NONE,,id,ods_full_snapshot,False,security_reviewed,restricted,包含密码、令牌或认证凭据，仅保留受限 ODS，禁止进入普通分析层。
m_creditbureau,ods_fineract_m_creditbureau,LOAN,LOAN,贷款与信贷,master_or_reference,standalone_dimension,DIM,dim_credit_bureau,id,full_snapshot,False,human_reviewed,internal,Credit bureau is stable reference data independent of restricted report payloads.
m_creditbureau_configuration,ods_fineract_m_creditbureau_configuration,LOAN,LOAN,贷款与信贷,master_or_reference,security_excluded,NONE,,id,ods_full_snapshot,False,security_reviewed,restricted,包含密码、令牌或认证凭据，仅保留受限 ODS，禁止进入普通分析层。
m_creditbureau_loanproduct_mapping,ods_fineract_m_creditbureau_loanproduct_mapping,LOAN,LOAN,贷款与信贷,event_or_relation,bridge_source,NONE,,id,ods_full_snapshot,False,candidate,internal,已完成领域和处置分类；未通过独立粒度评审，保留 ODS 并作为后续维度、事实、快照或运维模型的候选组成来源。
m_creditbureau_token,ods_fineract_m_creditbureau_token,LOAN,LOAN,贷款与信贷,master_or_reference,security_excluded,NONE,,id,ods_full_snapshot,False,security_reviewed,restricted,包含密码、令牌或认证凭据，仅保留受限 ODS，禁止进入普通分析层。
m_creditreport,ods_fineract_m_creditreport,LOAN,LOAN,贷款与信贷,master_or_reference,security_excluded,NONE,,id,ods_full_snapshot,False,security_reviewed,restricted,包含密码、令牌或认证凭据，仅保留受限 ODS，禁止进入普通分析层。
m_currency,ods_fineract_m_currency,OTHR,PROD,产品、定价与税费,master_or_reference,standalone_dimension,DIM,dim_currency,code,full_snapshot,False,human_reviewed,internal,Currency is a conformed reference dimension keyed by business code.
m_delinquency_bucket,ods_fineract_m_delinquency_bucket,LOAN,LOAN,贷款与信贷,master_or_reference,standalone_dimension,DIM,dim_delinquency_bucket,id,full_snapshot,False,human_reviewed,internal,Delinquency bucket is stable loan-risk reference data.
m_delinquency_bucket_mappings,ods_fineract_m_delinquency_bucket_mappings,LOAN,LOAN,贷款与信贷,event_or_relation,bridge_source,NONE,,id,ods_full_snapshot,False,candidate,internal,已完成领域和处置分类；未通过独立粒度评审，保留 ODS 并作为后续维度、事实、快照或运维模型的候选组成来源。
m_delinquency_range,ods_fineract_m_delinquency_range,LOAN,LOAN,贷款与信贷,master_or_reference,standalone_dimension,DIM,dim_delinquency_range,id,full_snapshot,False,human_reviewed,internal,Delinquency range is stable classification reference data.
m_deposit_account_on_hold_transaction,ods_fineract_m_deposit_account_on_hold_transaction,DPST,DPST,存款与储蓄,event_or_relation,standalone_fact,DWD,dwd_deposit_hold_event,id,full_replay,False,human_reviewed,restricted,Dated hold event is valid after replacing the generated invalid process code.
m_deposit_account_recurring_detail,ods_fineract_m_deposit_account_recurring_detail,DPST,DPST,存款与储蓄,master_or_reference,component_source,NONE,,id,ods_full_snapshot,False,candidate,internal,已完成领域和处置分类；未通过独立粒度评审，保留 ODS 并作为后续维度、事实、快照或运维模型的候选组成来源。
m_deposit_account_term_and_preclosure,ods_fineract_m_deposit_account_term_and_preclosure,DPST,DPST,存款与储蓄,master_or_reference,component_source,NONE,,id,ods_full_snapshot,False,candidate,internal,已完成领域和处置分类；未通过独立粒度评审，保留 ODS 并作为后续维度、事实、快照或运维模型的候选组成来源。
m_deposit_product_interest_rate_chart,ods_fineract_m_deposit_product_interest_rate_chart,DPST,DPST,存款与储蓄,master_or_reference,component_source,NONE,,source row,ods_full_snapshot,False,candidate,internal,已完成领域和处置分类；未通过独立粒度评审，保留 ODS 并作为后续维度、事实、快照或运维模型的候选组成来源。
m_deposit_product_recurring_detail,ods_fineract_m_deposit_product_recurring_detail,DPST,DPST,存款与储蓄,master_or_reference,component_source,NONE,,id,ods_full_snapshot,False,candidate,internal,已完成领域和处置分类；未通过独立粒度评审，保留 ODS 并作为后续维度、事实、快照或运维模型的候选组成来源。
m_deposit_product_term_and_preclosure,ods_fineract_m_deposit_product_term_and_preclosure,DPST,DPST,存款与储蓄,master_or_reference,component_source,NONE,,id,ods_full_snapshot,False,candidate,internal,已完成领域和处置分类；未通过独立粒度评审，保留 ODS 并作为后续维度、事实、快照或运维模型的候选组成来源。
m_document,ods_fineract_m_document,CHNL,CHNL,渠道与客户服务,master_or_reference,component_source,NONE,,id,ods_full_snapshot,False,candidate,restricted,已完成领域和处置分类；未通过独立粒度评审，保留 ODS 并作为后续维度、事实、快照或运维模型的候选组成来源。
m_entity_datatable_check,ods_fineract_m_entity_datatable_check,OTHR,REFR,公共参考与元数据,master_or_reference,component_source,NONE,,id,ods_full_snapshot,False,candidate,internal,已完成领域和处置分类；未通过独立粒度评审，保留 ODS 并作为后续维度、事实、快照或运维模型的候选组成来源。
m_entity_relation,ods_fineract_m_entity_relation,OTHR,REFR,公共参考与元数据,event_or_relation,bridge_source,NONE,,id,ods_full_snapshot,False,candidate,internal,已完成领域和处置分类；未通过独立粒度评审，保留 ODS 并作为后续维度、事实、快照或运维模型的候选组成来源。
m_entity_to_entity_access,ods_fineract_m_entity_to_entity_access,OTHR,REFR,公共参考与元数据,master_or_reference,component_source,NONE,,id,ods_full_snapshot,False,candidate,internal,已完成领域和处置分类；未通过独立粒度评审，保留 ODS 并作为后续维度、事实、快照或运维模型的候选组成来源。
m_entity_to_entity_mapping,ods_fineract_m_entity_to_entity_mapping,OTHR,REFR,公共参考与元数据,event_or_relation,bridge_source,NONE,,id,ods_full_snapshot,False,candidate,internal,已完成领域和处置分类；未通过独立粒度评审，保留 ODS 并作为后续维度、事实、快照或运维模型的候选组成来源。
m_external_asset_owner,ods_fineract_m_external_asset_owner,ASTM,INVS,投资、份额与资产持有,master_or_reference,standalone_dimension,DIM,dim_asset_owner,id,full_snapshot,True,human_reviewed,internal,External asset owner is a durable counterparty dimension.
m_external_asset_owner_journal_entry_mapping,ods_fineract_m_external_asset_owner_journal_entry_mapping,FMAN,FINA,总账与财务,event_or_relation,bridge_source,DWD,bridge_asset_owner_gl_entry,id,full_replay,False,human_reviewed,internal,This is a factless ownership-to-ledger bridge and inherits the journal business date.
m_external_asset_owner_loan_product_configurable_attributes,ods_fineract_m_external_asset_owner_loan_product_config_11bc4520,LOAN,LOAN,贷款与信贷,master_or_reference,component_source,NONE,,id,ods_full_snapshot,False,candidate,internal,已完成领域和处置分类；未通过独立粒度评审，保留 ODS 并作为后续维度、事实、快照或运维模型的候选组成来源。
m_external_asset_owner_transfer,ods_fineract_m_external_asset_owner_transfer,ASTM,INVS,投资、份额与资产持有,event_or_relation,snapshot_source,DWD,dwd_loan_ownership_transfer,id,full_replay,True,human_reviewed,restricted,"Transfer header has clear loan, owner, effective period and settlement semantics."
m_external_asset_owner_transfer_details,ods_fineract_m_external_asset_owner_transfer_details,ASTM,INVS,投资、份额与资产持有,event_or_relation,standalone_fact,DWD,dwd_loan_ownership_transfer_detail,"asset_owner_transfer_id, id",full_replay,True,human_reviewed,restricted,"Detail must join its transfer header to obtain loan, owner and effective date context."
m_external_asset_owner_transfer_journal_entry_mapping,ods_fineract_m_external_asset_owner_transfer_journal_en_0adfde70,FMAN,FINA,总账与财务,event_or_relation,bridge_source,NONE,,id,ods_full_snapshot,False,candidate,internal,已完成领域和处置分类；未通过独立粒度评审，保留 ODS 并作为后续维度、事实、快照或运维模型的候选组成来源。
m_external_asset_owner_transfer_loan_mapping,ods_fineract_m_external_asset_owner_transfer_loan_mapping,LOAN,LOAN,贷款与信贷,event_or_relation,bridge_source,NONE,,id,ods_full_snapshot,False,candidate,internal,已完成领域和处置分类；未通过独立粒度评审，保留 ODS 并作为后续维度、事实、快照或运维模型的候选组成来源。
m_external_event,ods_fineract_m_external_event,OTHR,OPER,平台运营与安全,event_or_relation,security_excluded,NONE,,id,ods_full_snapshot,False,security_reviewed,restricted,包含密码、令牌或认证凭据，仅保留受限 ODS，禁止进入普通分析层。
m_external_event_configuration,ods_fineract_m_external_event_configuration,OTHR,OPER,平台运营与安全,master_or_reference,rule_reference,NONE,,type,ods_full_snapshot,False,candidate,internal,已完成领域和处置分类；未通过独立粒度评审，保留 ODS 并作为后续维度、事实、快照或运维模型的候选组成来源。
m_family_members,ods_fineract_m_family_members,CLNT,CUST,客户与参与方,master_or_reference,component_source,NONE,,id,ods_full_snapshot,False,candidate,restricted,已完成领域和处置分类；未通过独立粒度评审，保留 ODS 并作为后续维度、事实、快照或运维模型的候选组成来源。
m_field_configuration,ods_fineract_m_field_configuration,OTHR,REFR,公共参考与元数据,master_or_reference,rule_reference,NONE,,id,ods_full_snapshot,False,candidate,internal,已完成领域和处置分类；未通过独立粒度评审，保留 ODS 并作为后续维度、事实、快照或运维模型的候选组成来源。
m_floating_rates,ods_fineract_m_floating_rates,OTHR,PROD,产品、定价与税费,master_or_reference,standalone_dimension,DIM,dim_rate_index,id,full_snapshot,False,human_reviewed,internal,Header identifies the index; dated rate observations must be modeled from the period source.
m_floating_rates_periods,ods_fineract_m_floating_rates_periods,OTHR,PROD,产品、定价与税费,master_or_reference,component_source,NONE,,id,ods_full_snapshot,False,candidate,internal,已完成领域和处置分类；未通过独立粒度评审，保留 ODS 并作为后续维度、事实、快照或运维模型的候选组成来源。
m_fund,ods_fineract_m_fund,CHNL,ORGN,机构与员工,master_or_reference,component_source,NONE,,id,ods_full_snapshot,False,candidate,internal,已完成领域和处置分类；未通过独立粒度评审，保留 ODS 并作为后续维度、事实、快照或运维模型的候选组成来源。
m_group,ods_fineract_m_group,CLNT,CUST,客户与参与方,master_or_reference,standalone_dimension,DIM,dim_customer_group,id,full_snapshot,False,human_reviewed,restricted,Group hierarchy and operating assignment require effective-version semantics.
m_group_client,ods_fineract_m_group_client,CLNT,CUST,客户与参与方,master_or_reference,bridge_source,DWD,bridge_group_customer,"group_id, client_id",full_replay,False,human_reviewed,restricted,Composite grain is correct but the object is a membership bridge without effective history.
m_group_level,ods_fineract_m_group_level,CLNT,CUST,客户与参与方,master_or_reference,standalone_dimension,DIM,dim_customer_group_level,id,full_snapshot,False,human_reviewed,internal,Group level is a stable hierarchical reference dimension.
m_group_roles,ods_fineract_m_group_roles,CLNT,CUST,客户与参与方,master_or_reference,bridge_source,DWD,bridge_group_customer_role,id,full_replay,False,human_reviewed,restricted,This is a typed relationship bridge and replaces the invalid generated customer process code.
m_guarantor,ods_fineract_m_guarantor,LOAN,LOAN,贷款与信贷,master_or_reference,bridge_source,DWD,dwd_loan_guarantor_relation,id,full_replay,False,human_reviewed,restricted,Source duplicates loan-specific PII and is not a deduplicated conformed guarantor dimension.
m_guarantor_funding_details,ods_fineract_m_guarantor_funding_details,LOAN,LOAN,贷款与信贷,master_or_reference,snapshot_source,DWD,dwd_guarantee_commitment_snapshot,id,full_replay,False,human_reviewed,restricted,Amount fields describe current cumulative commitment state and need an explicit snapshot date.
m_guarantor_transaction,ods_fineract_m_guarantor_transaction,LOAN,LOAN,贷款与信贷,event_or_relation,bridge_source,DWD,bridge_guarantee_transaction,id,full_replay,False,human_reviewed,restricted,Source has no amount or date and is a three-way transactional bridge.
m_holiday,ods_fineract_m_holiday,CHNL,ORGN,机构与员工,master_or_reference,standalone_dimension,DIM,dim_holiday,id,full_snapshot,False,human_reviewed,internal,Holiday is stable calendar reference data with office applicability modeled separately.
m_holiday_office,ods_fineract_m_holiday_office,CHNL,ORGN,机构与员工,master_or_reference,bridge_source,DWD,bridge_office_holiday,"holiday_id, office_id",full_replay,False,human_reviewed,internal,Composite relation is a bridge and inherits its effective interval from the holiday.
m_hook,ods_fineract_m_hook,OTHR,OPER,平台运营与安全,technical,operational_only,NONE,,id,ods_full_snapshot,False,candidate,internal,已完成领域和处置分类；未通过独立粒度评审，保留 ODS 并作为后续维度、事实、快照或运维模型的候选组成来源。
m_hook_configuration,ods_fineract_m_hook_configuration,OTHR,OPER,平台运营与安全,technical,security_excluded,NONE,,id,ods_full_snapshot,False,security_reviewed,restricted,包含密码、令牌或认证凭据，仅保留受限 ODS，禁止进入普通分析层。
m_hook_registered_events,ods_fineract_m_hook_registered_events,OTHR,OPER,平台运营与安全,technical,operational_only,NONE,,id,ods_full_snapshot,False,candidate,internal,已完成领域和处置分类；未通过独立粒度评审，保留 ODS 并作为后续维度、事实、快照或运维模型的候选组成来源。
m_hook_schema,ods_fineract_m_hook_schema,OTHR,OPER,平台运营与安全,technical,operational_only,NONE,,id,ods_full_snapshot,False,candidate,internal,已完成领域和处置分类；未通过独立粒度评审，保留 ODS 并作为后续维度、事实、快照或运维模型的候选组成来源。
m_hook_templates,ods_fineract_m_hook_templates,OTHR,OPER,平台运营与安全,technical,operational_only,NONE,,id,ods_full_snapshot,False,candidate,internal,已完成领域和处置分类；未通过独立粒度评审，保留 ODS 并作为后续维度、事实、快照或运维模型的候选组成来源。
m_image,ods_fineract_m_image,CHNL,CHNL,渠道与客户服务,master_or_reference,component_source,NONE,,id,ods_full_snapshot,False,candidate,restricted,已完成领域和处置分类；未通过独立粒度评审，保留 ODS 并作为后续维度、事实、快照或运维模型的候选组成来源。
m_import_document,ods_fineract_m_import_document,CHNL,CHNL,渠道与客户服务,master_or_reference,component_source,NONE,,id,ods_full_snapshot,False,candidate,internal,已完成领域和处置分类；未通过独立粒度评审，保留 ODS 并作为后续维度、事实、快照或运维模型的候选组成来源。
m_interest_incentives,ods_fineract_m_interest_incentives,OTHR,OTHR,其它银行运营,master_or_reference,component_source,NONE,,id,ods_full_snapshot,False,candidate,internal,已完成领域和处置分类；未通过独立粒度评审，保留 ODS 并作为后续维度、事实、快照或运维模型的候选组成来源。
m_interest_rate_chart,ods_fineract_m_interest_rate_chart,OTHR,PROD,产品、定价与税费,master_or_reference,component_source,NONE,,id,ods_full_snapshot,False,candidate,internal,已完成领域和处置分类；未通过独立粒度评审，保留 ODS 并作为后续维度、事实、快照或运维模型的候选组成来源。
m_interest_rate_slab,ods_fineract_m_interest_rate_slab,OTHR,PROD,产品、定价与税费,master_or_reference,component_source,NONE,,id,ods_full_snapshot,False,candidate,internal,已完成领域和处置分类；未通过独立粒度评审，保留 ODS 并作为后续维度、事实、快照或运维模型的候选组成来源。
m_journal_entry_aggregation_summary,ods_fineract_m_journal_entry_aggregation_summary,FMAN,FINA,总账与财务,event_or_relation,snapshot_source,DWD,dwd_gl_aggregation_summary,"gl_account_id, product_id, office_id, entity_type_enum, external_owner_id, manual_entry, aggregated_on_date",full_replay,False,human_reviewed,internal,Source stores explicit dated debit and credit aggregations with conformed accounting roles.
m_journal_entry_aggregation_tracking,ods_fineract_m_journal_entry_aggregation_tracking,FMAN,FINA,总账与财务,event_or_relation,standalone_fact,DWD,dwd_gl_aggregation_run,id,full_replay,False,human_reviewed,internal,Run header is useful audit lineage but must remain distinct from monetary aggregation results.
m_loan,ods_fineract_m_loan,LOAN,LOAN,贷款与信贷,master_or_reference,standalone_dimension,DIM,dim_loan_account,id,full_snapshot,False,human_reviewed,restricted,Durable account descriptors belong in DIM; balances and cumulative servicing amounts are snapshot facts.
m_loan_account_locks,ods_fineract_m_loan_account_locks,LOAN,LOAN,贷款与信贷,master_or_reference,component_source,NONE,,loan_id,ods_full_snapshot,False,candidate,internal,已完成领域和处置分类；未通过独立粒度评审，保留 ODS 并作为后续维度、事实、快照或运维模型的候选组成来源。
m_loan_amortization_allocation_mapping,ods_fineract_m_loan_amortization_allocation_mapping,LOAN,LOAN,贷款与信贷,event_or_relation,bridge_source,NONE,,id,ods_full_snapshot,False,candidate,internal,已完成领域和处置分类；未通过独立粒度评审，保留 ODS 并作为后续维度、事实、快照或运维模型的候选组成来源。
m_loan_approved_amount_history,ods_fineract_m_loan_approved_amount_history,LOAN,LOAN,贷款与信贷,event_or_relation,standalone_fact,DWD,dwd_loan_approval_event,id,full_replay,False,human_reviewed,restricted,Approval amount history is valid after replacing the invalid process and naming the change-event grain.
m_loan_arrears_aging,ods_fineract_m_loan_arrears_aging,LOAN,LOAN,贷款与信贷,master_or_reference,snapshot_source,DWD,dwd_loan_arrears_snapshot,"loan_id, snapshot_date",full_replay,False,human_reviewed,restricted,Source is current one-row-per-loan arrears state; a generated snapshot date is mandatory for history.
m_loan_buy_down_fee_balance,ods_fineract_m_loan_buy_down_fee_balance,LOAN,LOAN,贷款与信贷,master_or_reference,snapshot_source,DWD,dwd_loan_buy_down_fee_balance,id,full_replay,False,human_reviewed,restricted,"Source has explicit date, amount, unrecognized and charged-off balance measures."
m_loan_capitalized_income_balance,ods_fineract_m_loan_capitalized_income_balance,LOAN,LOAN,贷款与信贷,master_or_reference,snapshot_source,DWD,dwd_loan_capitalized_income_balance,id,full_replay,False,human_reviewed,restricted,"Source has explicit date, amount, unrecognized and charged-off balance measures."
m_loan_charge,ods_fineract_m_loan_charge,LOAN,LOAN,贷款与信贷,master_or_reference,snapshot_source,DWD,dwd_loan_charge,id,full_replay,False,human_reviewed,restricted,Charge balances are accumulating servicing facts and use loan repayment as the canonical process.
m_loan_charge_paid_by,ods_fineract_m_loan_charge_paid_by,LOAN,LOAN,贷款与信贷,event_or_relation,standalone_fact,DWD,dwd_loan_charge_allocation,"loan_charge_id, loan_transaction_id, id",full_replay,False,human_reviewed,restricted,Allocation needs its parent loan transaction to provide event time and loan context.
m_loan_charge_tax_details,ods_fineract_m_loan_charge_tax_details,LOAN,LOAN,贷款与信贷,master_or_reference,component_source,NONE,,id,ods_full_snapshot,False,candidate,internal,已完成领域和处置分类；未通过独立粒度评审，保留 ODS 并作为后续维度、事实、快照或运维模型的候选组成来源。
m_loan_collateral,ods_fineract_m_loan_collateral,LOAN,LOAN,贷款与信贷,master_or_reference,component_source,NONE,,id,ods_full_snapshot,False,candidate,internal,已完成领域和处置分类；未通过独立粒度评审，保留 ODS 并作为后续维度、事实、快照或运维模型的候选组成来源。
m_loan_collateral_management,ods_fineract_m_loan_collateral_management,LOAN,LOAN,贷款与信贷,master_or_reference,standalone_fact,DWD,dwd_loan_collateral_pledge,id,full_replay,False,human_reviewed,restricted,Pledge is a loan-collateral relationship with quantity and transaction provenance.
m_loan_credit_allocation_rule,ods_fineract_m_loan_credit_allocation_rule,LOAN,LOAN,贷款与信贷,event_or_relation,rule_reference,NONE,,id,ods_full_snapshot,False,candidate,internal,已完成领域和处置分类；未通过独立粒度评审，保留 ODS 并作为后续维度、事实、快照或运维模型的候选组成来源。
m_loan_delinquency_action,ods_fineract_m_loan_delinquency_action,LOAN,LOAN,贷款与信贷,event_or_relation,standalone_fact,DWD,dwd_collection_action,id,full_replay,False,human_reviewed,restricted,Start and end dates define a loan collection-action interval.
m_loan_delinquency_tag_history,ods_fineract_m_loan_delinquency_tag_history,LOAN,LOAN,贷款与信贷,event_or_relation,standalone_fact,DWD,dwd_loan_delinquency_event,id,full_replay,False,human_reviewed,restricted,Added and lifted dates define an explicit loan delinquency interval.
m_loan_disbursement_detail,ods_fineract_m_loan_disbursement_detail,LOAN,LOAN,贷款与信贷,master_or_reference,standalone_fact,DWD,dwd_loan_disbursement,id,full_replay,False,human_reviewed,restricted,Tranche-level expected and actual dates and amounts define a clear disbursement fact.
m_loan_installment_charge,ods_fineract_m_loan_installment_charge,LOAN,LOAN,贷款与信贷,event_or_relation,standalone_fact,DWD,dwd_loan_installment_charge,"loan_schedule_id, loan_charge_id, id",full_replay,False,human_reviewed,restricted,Source is an installment-charge allocation with due and settlement amounts.
m_loan_installment_delinquency_tag,ods_fineract_m_loan_installment_delinquency_tag,LOAN,LOAN,贷款与信贷,event_or_relation,component_source,NONE,,id,ods_full_snapshot,False,candidate,internal,已完成领域和处置分类；未通过独立粒度评审，保留 ODS 并作为后续维度、事实、快照或运维模型的候选组成来源。
m_loan_interest_recalculation_additional_details,ods_fineract_m_loan_interest_recalculation_additional_details,LOAN,LOAN,贷款与信贷,master_or_reference,component_source,NONE,,id,ods_full_snapshot,False,candidate,internal,已完成领域和处置分类；未通过独立粒度评审，保留 ODS 并作为后续维度、事实、快照或运维模型的候选组成来源。
m_loan_officer_assignment_history,ods_fineract_m_loan_officer_assignment_history,LOAN,LOAN,贷款与信贷,event_or_relation,standalone_fact,DWD,dwd_loan_officer_assignment,id,full_replay,False,human_reviewed,restricted,Assignment is an effective relationship and uses a canonical operations process.
m_loan_originator,ods_fineract_m_loan_originator,LOAN,LOAN,贷款与信贷,master_or_reference,component_source,NONE,,id,ods_full_snapshot,False,candidate,internal,已完成领域和处置分类；未通过独立粒度评审，保留 ODS 并作为后续维度、事实、快照或运维模型的候选组成来源。
m_loan_originator_mapping,ods_fineract_m_loan_originator_mapping,LOAN,LOAN,贷款与信贷,event_or_relation,bridge_source,NONE,,id,ods_full_snapshot,False,candidate,internal,已完成领域和处置分类；未通过独立粒度评审，保留 ODS 并作为后续维度、事实、快照或运维模型的候选组成来源。
m_loan_overdue_installment_charge,ods_fineract_m_loan_overdue_installment_charge,LOAN,LOAN,贷款与信贷,event_or_relation,component_source,NONE,,id,ods_full_snapshot,False,candidate,internal,已完成领域和处置分类；未通过独立粒度评审，保留 ODS 并作为后续维度、事实、快照或运维模型的候选组成来源。
m_loan_payment_allocation_rule,ods_fineract_m_loan_payment_allocation_rule,LOAN,LOAN,贷款与信贷,event_or_relation,rule_reference,NONE,,id,ods_full_snapshot,False,candidate,internal,已完成领域和处置分类；未通过独立粒度评审，保留 ODS 并作为后续维度、事实、快照或运维模型的候选组成来源。
m_loan_product_credit_allocation_rule,ods_fineract_m_loan_product_credit_allocation_rule,LOAN,LOAN,贷款与信贷,event_or_relation,rule_reference,NONE,,id,ods_full_snapshot,False,candidate,internal,已完成领域和处置分类；未通过独立粒度评审，保留 ODS 并作为后续维度、事实、快照或运维模型的候选组成来源。
m_loan_product_payment_allocation_rule,ods_fineract_m_loan_product_payment_allocation_rule,LOAN,LOAN,贷款与信贷,event_or_relation,rule_reference,NONE,,id,ods_full_snapshot,False,candidate,internal,已完成领域和处置分类；未通过独立粒度评审，保留 ODS 并作为后续维度、事实、快照或运维模型的候选组成来源。
m_loan_progressive_model,ods_fineract_m_loan_progressive_model,LOAN,LOAN,贷款与信贷,master_or_reference,component_source,NONE,,id,ods_full_snapshot,False,candidate,internal,已完成领域和处置分类；未通过独立粒度评审，保留 ODS 并作为后续维度、事实、快照或运维模型的候选组成来源。
m_loan_rate,ods_fineract_m_loan_rate,LOAN,LOAN,贷款与信贷,master_or_reference,standalone_dimension,DIM,bridge_loan_rate,"loan_id, rate_id",full_snapshot,False,human_reviewed,internal,Source has no period dates; current target invents a period that does not exist.
m_loan_reage_parameter,ods_fineract_m_loan_reage_parameter,LOAN,LOAN,贷款与信贷,master_or_reference,component_source,NONE,,id,ods_full_snapshot,False,candidate,internal,已完成领域和处置分类；未通过独立粒度评审，保留 ODS 并作为后续维度、事实、快照或运维模型的候选组成来源。
m_loan_reamortization_parameter,ods_fineract_m_loan_reamortization_parameter,LOAN,LOAN,贷款与信贷,master_or_reference,component_source,NONE,,id,ods_full_snapshot,False,candidate,internal,已完成领域和处置分类；未通过独立粒度评审，保留 ODS 并作为后续维度、事实、快照或运维模型的候选组成来源。
m_loan_recalculation_details,ods_fineract_m_loan_recalculation_details,LOAN,LOAN,贷款与信贷,master_or_reference,standalone_dimension,DIM,dim_loan_interest_terms_satellite,loan_id,full_snapshot,False,human_reviewed,internal,Source is loan-level calculation configuration and has no recalculation event date.
m_loan_repayment_schedule,ods_fineract_m_loan_repayment_schedule,LOAN,LOAN,贷款与信贷,event_or_relation,snapshot_source,DWD,dwd_loan_installment,"loan_id, installment, id",full_replay,False,human_reviewed,restricted,"Schedule row is an accumulating installment fact and must include all principal, interest, fee and penalty states."
m_loan_repayment_schedule_history,ods_fineract_m_loan_repayment_schedule_history,LOAN,LOAN,贷款与信贷,event_or_relation,snapshot_source,DWD,dwd_loan_installment_version,"loan_id, loan_reschedule_request_id, version, installment",full_replay,False,human_reviewed,restricted,Semantic grain must identify schedule version and installment rather than only the surrogate id.
m_loan_reschedule_request,ods_fineract_m_loan_reschedule_request,LOAN,LOAN,贷款与信贷,event_or_relation,snapshot_source,DWD,dwd_loan_restructure_event,id,full_replay,False,human_reviewed,restricted,"Submitted, approved and rejected dates define a clear restructuring lifecycle."
m_loan_reschedule_request_term_variations_mapping,ods_fineract_m_loan_reschedule_request_term_variations_mapping,LOAN,LOAN,贷款与信贷,event_or_relation,bridge_source,NONE,,id,ods_full_snapshot,False,candidate,internal,已完成领域和处置分类；未通过独立粒度评审，保留 ODS 并作为后续维度、事实、快照或运维模型的候选组成来源。
m_loan_status_change_history,ods_fineract_m_loan_status_change_history,LOAN,LOAN,贷款与信贷,event_or_relation,standalone_fact,DWD,dwd_loan_lifecycle_event,id,full_replay,False,human_reviewed,restricted,Status-change history is valid after replacing the invalid generic loan-management process.
m_loan_term_variations,ods_fineract_m_loan_term_variations,LOAN,LOAN,贷款与信贷,master_or_reference,component_source,NONE,,id,ods_full_snapshot,False,candidate,internal,已完成领域和处置分类；未通过独立粒度评审，保留 ODS 并作为后续维度、事实、快照或运维模型的候选组成来源。
m_loan_topup,ods_fineract_m_loan_topup,LOAN,LOAN,贷款与信贷,master_or_reference,component_source,NONE,,id,ods_full_snapshot,False,candidate,internal,已完成领域和处置分类；未通过独立粒度评审，保留 ODS 并作为后续维度、事实、快照或运维模型的候选组成来源。
m_loan_tranche_charges,ods_fineract_m_loan_tranche_charges,LOAN,LOAN,贷款与信贷,master_or_reference,component_source,NONE,,id,ods_full_snapshot,False,candidate,internal,已完成领域和处置分类；未通过独立粒度评审，保留 ODS 并作为后续维度、事实、快照或运维模型的候选组成来源。
m_loan_tranche_disbursement_charge,ods_fineract_m_loan_tranche_disbursement_charge,LOAN,LOAN,贷款与信贷,master_or_reference,component_source,NONE,,id,ods_full_snapshot,False,candidate,internal,已完成领域和处置分类；未通过独立粒度评审，保留 ODS 并作为后续维度、事实、快照或运维模型的候选组成来源。
m_loan_transaction,ods_fineract_m_loan_transaction,LOAN,LOAN,贷款与信贷,event_or_relation,standalone_fact,DWD,dwd_loan_transaction,id,full_replay,False,human_reviewed,restricted,Source is the core dated loan transaction with component amounts and reversal semantics.
m_loan_transaction_relation,ods_fineract_m_loan_transaction_relation,LOAN,LOAN,贷款与信贷,event_or_relation,bridge_source,DWD,bridge_loan_transaction_relation,id,full_replay,False,human_reviewed,restricted,Typed relationship is a bridge and inherits dates from the participating transactions.
m_loan_transaction_repayment_schedule_mapping,ods_fineract_m_loan_transaction_repayment_schedule_mapping,LOAN,LOAN,贷款与信贷,event_or_relation,standalone_fact,DWD,dwd_loan_repayment_allocation,"loan_transaction_id, loan_repayment_schedule_id, id",full_replay,False,human_reviewed,restricted,Parent loan transaction provides event time while allocation fields provide component amounts.
m_loanproduct_provisioning_entry,ods_fineract_m_loanproduct_provisioning_entry,LOAN,LOAN,贷款与信贷,master_or_reference,snapshot_source,DWD,dwd_loan_provision_entry,"history_id, office_id, product_id, category_id, criteria_id, id",full_replay,False,human_reviewed,internal,Run enrichment is correct; normalize the source typo reseve_amount to semantic metric reserve_amount.
m_loanproduct_provisioning_mapping,ods_fineract_m_loanproduct_provisioning_mapping,LOAN,LOAN,贷款与信贷,event_or_relation,bridge_source,NONE,,id,ods_full_snapshot,False,candidate,internal,已完成领域和处置分类；未通过独立粒度评审，保留 ODS 并作为后续维度、事实、快照或运维模型的候选组成来源。
m_mandatory_savings_schedule,ods_fineract_m_mandatory_savings_schedule,DPST,DPST,存款与储蓄,event_or_relation,component_source,NONE,,id,ods_full_snapshot,False,candidate,internal,已完成领域和处置分类；未通过独立粒度评审，保留 ODS 并作为后续维度、事实、快照或运维模型的候选组成来源。
m_meeting,ods_fineract_m_meeting,CHNL,CHNL,渠道与客户服务,master_or_reference,component_source,NONE,,id,ods_full_snapshot,False,candidate,internal,已完成领域和处置分类；未通过独立粒度评审，保留 ODS 并作为后续维度、事实、快照或运维模型的候选组成来源。
m_note,ods_fineract_m_note,CHNL,CHNL,渠道与客户服务,master_or_reference,component_source,NONE,,id,ods_full_snapshot,False,candidate,restricted,已完成领域和处置分类；未通过独立粒度评审，保留 ODS 并作为后续维度、事实、快照或运维模型的候选组成来源。
m_office,ods_fineract_m_office,CHNL,ORGN,机构与员工,master_or_reference,standalone_dimension,DIM,dim_office,id,full_snapshot,False,human_reviewed,internal,Office is a conformed hierarchical organization dimension.
m_office_transaction,ods_fineract_m_office_transaction,PAYM,PAYM,支付结算,event_or_relation,standalone_fact,DWD,dwd_office_cash_transfer,id,full_replay,False,human_reviewed,internal,Monetary event is valid after replacing the invalid generated payment-management code.
m_organisation_creditbureau,ods_fineract_m_organisation_creditbureau,LOAN,LOAN,贷款与信贷,master_or_reference,component_source,NONE,,id,ods_full_snapshot,False,candidate,internal,已完成领域和处置分类；未通过独立粒度评审，保留 ODS 并作为后续维度、事实、快照或运维模型的候选组成来源。
m_organisation_currency,ods_fineract_m_organisation_currency,OTHR,PROD,产品、定价与税费,master_or_reference,component_source,NONE,,id,ods_full_snapshot,False,candidate,internal,已完成领域和处置分类；未通过独立粒度评审，保留 ODS 并作为后续维度、事实、快照或运维模型的候选组成来源。
m_password_validation_policy,ods_fineract_m_password_validation_policy,OTHR,OTHR,其它银行运营,master_or_reference,component_source,NONE,,id,ods_full_snapshot,False,candidate,internal,已完成领域和处置分类；未通过独立粒度评审，保留 ODS 并作为后续维度、事实、快照或运维模型的候选组成来源。
m_payment_detail,ods_fineract_m_payment_detail,PAYM,PAYM,支付结算,master_or_reference,component_source,NONE,,id,ods_full_snapshot,False,candidate,restricted,已完成领域和处置分类；未通过独立粒度评审，保留 ODS 并作为后续维度、事实、快照或运维模型的候选组成来源。
m_payment_type,ods_fineract_m_payment_type,PAYM,PAYM,支付结算,master_or_reference,standalone_dimension,DIM,dim_payment_type,id,full_snapshot,False,human_reviewed,internal,Payment type is stable reference data.
m_permission,ods_fineract_m_permission,OTHR,OPER,平台运营与安全,technical,operational_only,NONE,,id,ods_full_snapshot,False,candidate,internal,已完成领域和处置分类；未通过独立粒度评审，保留 ODS 并作为后续维度、事实、快照或运维模型的候选组成来源。
m_portfolio_account_associations,ods_fineract_m_portfolio_account_associations,OTHR,OTHR,其它银行运营,master_or_reference,component_source,NONE,,id,ods_full_snapshot,False,candidate,internal,已完成领域和处置分类；未通过独立粒度评审，保留 ODS 并作为后续维度、事实、快照或运维模型的候选组成来源。
m_portfolio_command_source,ods_fineract_m_portfolio_command_source,OTHR,OPER,平台运营与安全,technical,security_excluded,NONE,,id,ods_full_snapshot,False,security_reviewed,restricted,包含密码、令牌或认证凭据，仅保留受限 ODS，禁止进入普通分析层。
m_product_loan,ods_fineract_m_product_loan,LOAN,LOAN,贷款与信贷,master_or_reference,standalone_dimension,DIM,dim_loan_product,id,full_snapshot,False,human_reviewed,internal,Loan product is reusable pricing and servicing reference data.
m_product_loan_charge,ods_fineract_m_product_loan_charge,LOAN,LOAN,贷款与信贷,master_or_reference,component_source,NONE,,"product_loan_id, charge_id",ods_full_snapshot,False,candidate,internal,已完成领域和处置分类；未通过独立粒度评审，保留 ODS 并作为后续维度、事实、快照或运维模型的候选组成来源。
m_product_loan_configurable_attributes,ods_fineract_m_product_loan_configurable_attributes,LOAN,LOAN,贷款与信贷,master_or_reference,component_source,NONE,,id,ods_full_snapshot,False,candidate,internal,已完成领域和处置分类；未通过独立粒度评审，保留 ODS 并作为后续维度、事实、快照或运维模型的候选组成来源。
m_product_loan_floating_rates,ods_fineract_m_product_loan_floating_rates,LOAN,LOAN,贷款与信贷,master_or_reference,component_source,NONE,,id,ods_full_snapshot,False,candidate,internal,已完成领域和处置分类；未通过独立粒度评审，保留 ODS 并作为后续维度、事实、快照或运维模型的候选组成来源。
m_product_loan_guarantee_details,ods_fineract_m_product_loan_guarantee_details,LOAN,LOAN,贷款与信贷,master_or_reference,component_source,NONE,,id,ods_full_snapshot,False,candidate,internal,已完成领域和处置分类；未通过独立粒度评审，保留 ODS 并作为后续维度、事实、快照或运维模型的候选组成来源。
m_product_loan_rate,ods_fineract_m_product_loan_rate,LOAN,LOAN,贷款与信贷,master_or_reference,component_source,NONE,,"product_loan_id, rate_id",ods_full_snapshot,False,candidate,internal,已完成领域和处置分类；未通过独立粒度评审，保留 ODS 并作为后续维度、事实、快照或运维模型的候选组成来源。
m_product_loan_recalculation_details,ods_fineract_m_product_loan_recalculation_details,LOAN,LOAN,贷款与信贷,master_or_reference,component_source,NONE,,id,ods_full_snapshot,False,candidate,internal,已完成领域和处置分类；未通过独立粒度评审，保留 ODS 并作为后续维度、事实、快照或运维模型的候选组成来源。
m_product_loan_variable_installment_config,ods_fineract_m_product_loan_variable_installment_config,LOAN,LOAN,贷款与信贷,event_or_relation,component_source,NONE,,id,ods_full_snapshot,False,candidate,internal,已完成领域和处置分类；未通过独立粒度评审，保留 ODS 并作为后续维度、事实、快照或运维模型的候选组成来源。
m_product_loan_variations_borrower_cycle,ods_fineract_m_product_loan_variations_borrower_cycle,LOAN,LOAN,贷款与信贷,master_or_reference,component_source,NONE,,id,ods_full_snapshot,False,candidate,internal,已完成领域和处置分类；未通过独立粒度评审，保留 ODS 并作为后续维度、事实、快照或运维模型的候选组成来源。
m_product_mix,ods_fineract_m_product_mix,OTHR,PROD,产品、定价与税费,master_or_reference,component_source,NONE,,id,ods_full_snapshot,False,candidate,internal,已完成领域和处置分类；未通过独立粒度评审，保留 ODS 并作为后续维度、事实、快照或运维模型的候选组成来源。
m_provision_category,ods_fineract_m_provision_category,LOAN,LOAN,贷款与信贷,master_or_reference,standalone_dimension,DIM,dim_provision_category,id,full_snapshot,False,human_reviewed,internal,Provision category is stable credit-risk reference data.
m_provisioning_criteria,ods_fineract_m_provisioning_criteria,LOAN,LOAN,贷款与信贷,master_or_reference,rule_reference,NONE,,id,ods_full_snapshot,False,candidate,internal,已完成领域和处置分类；未通过独立粒度评审，保留 ODS 并作为后续维度、事实、快照或运维模型的候选组成来源。
m_provisioning_criteria_definition,ods_fineract_m_provisioning_criteria_definition,LOAN,LOAN,贷款与信贷,master_or_reference,rule_reference,NONE,,id,ods_full_snapshot,False,candidate,internal,已完成领域和处置分类；未通过独立粒度评审，保留 ODS 并作为后续维度、事实、快照或运维模型的候选组成来源。
m_provisioning_history,ods_fineract_m_provisioning_history,LOAN,LOAN,贷款与信贷,event_or_relation,standalone_fact,DWD,dwd_loan_provision_run,id,full_replay,False,human_reviewed,internal,Source is the audited run header for provisioning result entries.
m_rate,ods_fineract_m_rate,OTHR,PROD,产品、定价与税费,master_or_reference,standalone_dimension,DIM,dim_rate,id,full_snapshot,False,human_reviewed,internal,Percentage and approval state are time-sensitive and require effective-version semantics.
m_repayment_with_post_dated_checks,ods_fineract_m_repayment_with_post_dated_checks,PAYM,PAYM,支付结算,master_or_reference,component_source,NONE,,id,ods_full_snapshot,False,candidate,restricted,已完成领域和处置分类；未通过独立粒度评审，保留 ODS 并作为后续维度、事实、快照或运维模型的候选组成来源。
m_report_mailing_job,ods_fineract_m_report_mailing_job,OTHR,REFR,公共参考与元数据,technical,security_excluded,NONE,,id,ods_full_snapshot,False,security_reviewed,restricted,包含密码、令牌或认证凭据，仅保留受限 ODS，禁止进入普通分析层。
m_report_mailing_job_configuration,ods_fineract_m_report_mailing_job_configuration,OTHR,REFR,公共参考与元数据,technical,security_excluded,NONE,,id,ods_full_snapshot,False,security_reviewed,restricted,包含密码、令牌或认证凭据，仅保留受限 ODS，禁止进入普通分析层。
m_report_mailing_job_run_history,ods_fineract_m_report_mailing_job_run_history,OTHR,REFR,公共参考与元数据,technical,operational_only,NONE,,id,ods_full_snapshot,False,candidate,internal,已完成领域和处置分类；未通过独立粒度评审，保留 ODS 并作为后续维度、事实、快照或运维模型的候选组成来源。
m_role,ods_fineract_m_role,OTHR,OPER,平台运营与安全,technical,operational_only,NONE,,id,ods_full_snapshot,False,candidate,internal,已完成领域和处置分类；未通过独立粒度评审，保留 ODS 并作为后续维度、事实、快照或运维模型的候选组成来源。
m_role_permission,ods_fineract_m_role_permission,OTHR,OPER,平台运营与安全,technical,operational_only,NONE,,"role_id, permission_id",ods_full_snapshot,False,candidate,internal,已完成领域和处置分类；未通过独立粒度评审，保留 ODS 并作为后续维度、事实、快照或运维模型的候选组成来源。
m_savings_account,ods_fineract_m_savings_account,DPST,DPST,存款与储蓄,master_or_reference,standalone_dimension,DIM,dim_deposit_account,id,full_snapshot,False,human_reviewed,restricted,Durable account attributes belong in DIM while balances and cumulative amounts require snapshots.
m_savings_account_charge,ods_fineract_m_savings_account_charge,DPST,DPST,存款与储蓄,master_or_reference,snapshot_source,DWD,dwd_deposit_charge,id,full_replay,False,human_reviewed,restricted,Charge balances are accumulating facts; canonical process replaces the invalid generated code.
m_savings_account_charge_paid_by,ods_fineract_m_savings_account_charge_paid_by,DPST,DPST,存款与储蓄,event_or_relation,standalone_fact,DWD,dwd_deposit_charge_allocation,"savings_account_charge_id, savings_account_transaction_id, id",full_replay,False,human_reviewed,restricted,Allocation needs its parent transaction to provide business date and account context.
m_savings_account_interest_rate_chart,ods_fineract_m_savings_account_interest_rate_chart,DPST,DPST,存款与储蓄,master_or_reference,component_source,NONE,,id,ods_full_snapshot,False,candidate,internal,已完成领域和处置分类；未通过独立粒度评审，保留 ODS 并作为后续维度、事实、快照或运维模型的候选组成来源。
m_savings_account_interest_rate_slab,ods_fineract_m_savings_account_interest_rate_slab,DPST,DPST,存款与储蓄,master_or_reference,component_source,NONE,,id,ods_full_snapshot,False,candidate,internal,已完成领域和处置分类；未通过独立粒度评审，保留 ODS 并作为后续维度、事实、快照或运维模型的候选组成来源。
m_savings_account_transaction,ods_fineract_m_savings_account_transaction,DPST,DPST,存款与储蓄,event_or_relation,standalone_fact,DWD,dwd_deposit_transaction,id,full_replay,False,human_reviewed,restricted,"Source is the core dated deposit transaction with amount, reversal and running-balance semantics."
m_savings_account_transaction_tax_details,ods_fineract_m_savings_account_transaction_tax_details,DPST,DPST,存款与储蓄,event_or_relation,standalone_fact,DWD,dwd_deposit_transaction_tax,"savings_transaction_id, tax_component_id, id",full_replay,False,human_reviewed,restricted,Tax detail must inherit transaction date and account context from its parent.
m_savings_interest_incentives,ods_fineract_m_savings_interest_incentives,DPST,DPST,存款与储蓄,master_or_reference,component_source,NONE,,id,ods_full_snapshot,False,candidate,internal,已完成领域和处置分类；未通过独立粒度评审，保留 ODS 并作为后续维度、事实、快照或运维模型的候选组成来源。
m_savings_officer_assignment_history,ods_fineract_m_savings_officer_assignment_history,DPST,DPST,存款与储蓄,event_or_relation,standalone_fact,DWD,dwd_deposit_officer_assignment,id,full_replay,False,human_reviewed,restricted,"Assignment history is an effective relationship, not a monetary fact."
m_savings_product,ods_fineract_m_savings_product,DPST,DPST,存款与储蓄,master_or_reference,standalone_dimension,DIM,dim_deposit_product,id,full_snapshot,False,human_reviewed,internal,Deposit product is reusable reference data across deposit accounts and transactions.
m_savings_product_charge,ods_fineract_m_savings_product_charge,DPST,DPST,存款与储蓄,master_or_reference,component_source,NONE,,"savings_product_id, charge_id",ods_full_snapshot,False,candidate,internal,已完成领域和处置分类；未通过独立粒度评审，保留 ODS 并作为后续维度、事实、快照或运维模型的候选组成来源。
m_share_account,ods_fineract_m_share_account,ASTM,INVS,投资、份额与资产持有,master_or_reference,standalone_dimension,DIM,dim_share_account,id,full_snapshot,True,human_reviewed,restricted,Durable account attributes remain dimensional while approved and pending shares require snapshots.
m_share_account_charge,ods_fineract_m_share_account_charge,ASTM,INVS,投资、份额与资产持有,master_or_reference,snapshot_source,DWD,dwd_share_charge_snapshot,id,full_replay,True,human_reviewed,restricted,Source lacks a reliable event date and represents current charge settlement state.
m_share_account_charge_paid_by,ods_fineract_m_share_account_charge_paid_by,ASTM,INVS,投资、份额与资产持有,event_or_relation,standalone_fact,DWD,dwd_share_charge_allocation,"share_transaction_id, charge_transaction_id, id",full_replay,True,human_reviewed,restricted,Allocation requires parent share transaction date and account context.
m_share_account_dividend_details,ods_fineract_m_share_account_dividend_details,ASTM,INVS,投资、份额与资产持有,master_or_reference,standalone_fact,DWD,dwd_share_dividend,"dividend_pay_out_id, account_id, id",full_replay,True,human_reviewed,restricted,Detail must join the payout header to obtain product and dividend-period context.
m_share_account_transactions,ods_fineract_m_share_account_transactions,ASTM,INVS,投资、份额与资产持有,event_or_relation,standalone_fact,DWD,dwd_share_transaction,id,full_replay,True,human_reviewed,restricted,"Source has dated share, amount and charge measures at transaction grain."
m_share_product,ods_fineract_m_share_product,ASTM,INVS,投资、份额与资产持有,master_or_reference,standalone_dimension,DIM,dim_share_product,id,full_snapshot,True,human_reviewed,internal,Share product is reusable reference data; dated market value is a separate fact.
m_share_product_charge,ods_fineract_m_share_product_charge,ASTM,INVS,投资、份额与资产持有,master_or_reference,component_source,NONE,,"product_id, charge_id",ods_full_snapshot,True,candidate,internal,已完成领域和处置分类；未通过独立粒度评审，保留 ODS 并作为后续维度、事实、快照或运维模型的候选组成来源。
m_share_product_dividend_pay_out,ods_fineract_m_share_product_dividend_pay_out,ASTM,INVS,投资、份额与资产持有,master_or_reference,component_source,NONE,,id,ods_full_snapshot,True,candidate,internal,已完成领域和处置分类；未通过独立粒度评审，保留 ODS 并作为后续维度、事实、快照或运维模型的候选组成来源。
m_share_product_market_price,ods_fineract_m_share_product_market_price,ASTM,INVS,投资、份额与资产持有,master_or_reference,snapshot_source,DWD,dwd_share_market_price,"product_id, from_date",full_replay,True,human_reviewed,internal,Source is a dated price observation and share_value must be labeled as an atomic metric.
m_staff,ods_fineract_m_staff,CHNL,ORGN,机构与员工,master_or_reference,standalone_dimension,DIM,dim_staff,id,full_snapshot,False,human_reviewed,restricted,Office and active state change over time and need SCD semantics.
m_staff_assignment_history,ods_fineract_m_staff_assignment_history,CHNL,ORGN,机构与员工,event_or_relation,standalone_fact,DWD,dwd_staff_assignment,id,full_replay,False,human_reviewed,restricted,Assignment is a factless effective relationship and uses the canonical operations process.
m_survey_components,ods_fineract_m_survey_components,CHNL,CHNL,渠道与客户服务,master_or_reference,component_source,NONE,,id,ods_full_snapshot,True,candidate,internal,已完成领域和处置分类；未通过独立粒度评审，保留 ODS 并作为后续维度、事实、快照或运维模型的候选组成来源。
m_survey_lookup_tables,ods_fineract_m_survey_lookup_tables,CHNL,CHNL,渠道与客户服务,master_or_reference,component_source,NONE,,id,ods_full_snapshot,True,candidate,internal,已完成领域和处置分类；未通过独立粒度评审，保留 ODS 并作为后续维度、事实、快照或运维模型的候选组成来源。
m_survey_questions,ods_fineract_m_survey_questions,CHNL,CHNL,渠道与客户服务,master_or_reference,component_source,NONE,,id,ods_full_snapshot,True,candidate,internal,已完成领域和处置分类；未通过独立粒度评审，保留 ODS 并作为后续维度、事实、快照或运维模型的候选组成来源。
m_survey_responses,ods_fineract_m_survey_responses,CHNL,CHNL,渠道与客户服务,master_or_reference,component_source,NONE,,id,ods_full_snapshot,True,candidate,internal,已完成领域和处置分类；未通过独立粒度评审，保留 ODS 并作为后续维度、事实、快照或运维模型的候选组成来源。
m_survey_scorecards,ods_fineract_m_survey_scorecards,CHNL,CHNL,渠道与客户服务,master_or_reference,standalone_fact,DWD,dwd_survey_response,id,full_replay,True,human_reviewed,restricted,"Source has explicit survey, question, response, customer and creation-time roles."
m_surveys,ods_fineract_m_surveys,CHNL,CHNL,渠道与客户服务,master_or_reference,standalone_dimension,DIM,dim_survey,id,full_snapshot,True,human_reviewed,internal,Survey header is reusable reference data for question and response facts.
m_tax_component,ods_fineract_m_tax_component,OTHR,PROD,产品、定价与税费,master_or_reference,component_source,NONE,,id,ods_full_snapshot,False,candidate,internal,已完成领域和处置分类；未通过独立粒度评审，保留 ODS 并作为后续维度、事实、快照或运维模型的候选组成来源。
m_tax_component_history,ods_fineract_m_tax_component_history,OTHR,PROD,产品、定价与税费,event_or_relation,component_source,NONE,,id,ods_full_snapshot,False,candidate,internal,已完成领域和处置分类；未通过独立粒度评审，保留 ODS 并作为后续维度、事实、快照或运维模型的候选组成来源。
m_tax_group,ods_fineract_m_tax_group,OTHR,PROD,产品、定价与税费,master_or_reference,component_source,NONE,,id,ods_full_snapshot,False,candidate,internal,已完成领域和处置分类；未通过独立粒度评审，保留 ODS 并作为后续维度、事实、快照或运维模型的候选组成来源。
m_tax_group_mappings,ods_fineract_m_tax_group_mappings,OTHR,PROD,产品、定价与税费,event_or_relation,bridge_source,NONE,,id,ods_full_snapshot,False,candidate,internal,已完成领域和处置分类；未通过独立粒度评审，保留 ODS 并作为后续维度、事实、快照或运维模型的候选组成来源。
m_tellers,ods_fineract_m_tellers,PAYM,PAYM,支付结算,master_or_reference,standalone_dimension,DIM,dim_teller,id,full_snapshot,False,human_reviewed,internal,Validity window and office/GL roles require effective-version semantics.
m_template,ods_fineract_m_template,OTHR,OTHR,其它银行运营,master_or_reference,rule_reference,NONE,,id,ods_full_snapshot,False,candidate,internal,已完成领域和处置分类；未通过独立粒度评审，保留 ODS 并作为后续维度、事实、快照或运维模型的候选组成来源。
m_template_m_templatemappers,ods_fineract_m_template_m_templatemappers,OTHR,OTHR,其它银行运营,master_or_reference,rule_reference,NONE,,source row,ods_full_snapshot,False,candidate,internal,已完成领域和处置分类；未通过独立粒度评审，保留 ODS 并作为后续维度、事实、快照或运维模型的候选组成来源。
m_templatemappers,ods_fineract_m_templatemappers,OTHR,OTHR,其它银行运营,master_or_reference,rule_reference,NONE,,id,ods_full_snapshot,False,candidate,internal,已完成领域和处置分类；未通过独立粒度评审，保留 ODS 并作为后续维度、事实、快照或运维模型的候选组成来源。
m_trial_balance,ods_fineract_m_trial_balance,OTHR,OTHR,其它银行运营,master_or_reference,snapshot_source,DWD,dwd_gl_trial_balance_snapshot,"office_id, account_id, entry_date",full_replay,False,human_reviewed,internal,"Source lacks a declared PK, so gold must validate uniqueness at the semantic composite grain."
m_wc_breach_configuration,ods_fineract_m_wc_breach_configuration,LOAN,WCLN,营运资金贷款,event_or_relation,rule_reference,NONE,,id,ods_full_snapshot,True,candidate,internal,已完成领域和处置分类；未通过独立粒度评审，保留 ODS 并作为后续维度、事实、快照或运维模型的候选组成来源。
m_wc_delinquency_configuration,ods_fineract_m_wc_delinquency_configuration,LOAN,WCLN,营运资金贷款,master_or_reference,rule_reference,NONE,,id,ods_full_snapshot,True,candidate,internal,已完成领域和处置分类；未通过独立粒度评审，保留 ODS 并作为后续维度、事实、快照或运维模型的候选组成来源。
m_wc_loan,ods_fineract_m_wc_loan,LOAN,WCLN,营运资金贷款,master_or_reference,standalone_dimension,DIM,dim_wc_loan_account,id,full_snapshot,True,human_reviewed,restricted,Durable account attributes belong in DIM while utilization and breach amounts require snapshots.
m_wc_loan_account_locks,ods_fineract_m_wc_loan_account_locks,LOAN,WCLN,营运资金贷款,technical,operational_only,NONE,,loan_id,ods_full_snapshot,True,candidate,internal,经人工复核不应直接生成分析事实；保留受控 ODS，并按明确的规则、关系或运维用途参与后续模型设计。
m_wc_loan_amortization_model,ods_fineract_m_wc_loan_amortization_model,LOAN,WCLN,营运资金贷款,master_or_reference,component_source,NONE,,id,ods_full_snapshot,True,candidate,internal,已完成领域和处置分类；未通过独立粒度评审，保留 ODS 并作为后续维度、事实、快照或运维模型的候选组成来源。
m_wc_loan_balance,ods_fineract_m_wc_loan_balance,LOAN,WCLN,营运资金贷款,master_or_reference,snapshot_source,DWD,dwd_wc_loan_balance_snapshot,"wc_loan_id, snapshot_date",full_replay,True,human_reviewed,restricted,"Source holds current cumulative balances without a business date, so ETL must add snapshot_date."
m_wc_loan_breach_action,ods_fineract_m_wc_loan_breach_action,LOAN,WCLN,营运资金贷款,event_or_relation,standalone_fact,DWD,dwd_wc_breach_event,id,full_replay,True,human_reviewed,restricted,Breach interval is valid after replacing the invalid generated WC process code.
m_wc_loan_breach_reset_history,ods_fineract_m_wc_loan_breach_reset_history,LOAN,WCLN,营运资金贷款,event_or_relation,component_source,NONE,,id,ods_full_snapshot,True,candidate,internal,已完成领域和处置分类；未通过独立粒度评审，保留 ODS 并作为后续维度、事实、快照或运维模型的候选组成来源。
m_wc_loan_breach_schedule,ods_fineract_m_wc_loan_breach_schedule,LOAN,WCLN,营运资金贷款,event_or_relation,component_source,NONE,,id,ods_full_snapshot,True,candidate,internal,已完成领域和处置分类；未通过独立粒度评审，保留 ODS 并作为后续维度、事实、快照或运维模型的候选组成来源。
m_wc_loan_charge,ods_fineract_m_wc_loan_charge,LOAN,WCLN,营运资金贷款,master_or_reference,component_source,NONE,,id,ods_full_snapshot,True,candidate,internal,已完成领域和处置分类；未通过独立粒度评审，保留 ODS 并作为后续维度、事实、快照或运维模型的候选组成来源。
m_wc_loan_delinquency_action,ods_fineract_m_wc_loan_delinquency_action,LOAN,WCLN,营运资金贷款,event_or_relation,component_source,NONE,,id,ods_full_snapshot,True,candidate,internal,已完成领域和处置分类；未通过独立粒度评审，保留 ODS 并作为后续维度、事实、快照或运维模型的候选组成来源。
m_wc_loan_delinquency_range_schedule,ods_fineract_m_wc_loan_delinquency_range_schedule,LOAN,WCLN,营运资金贷款,event_or_relation,component_source,NONE,,id,ods_full_snapshot,True,candidate,internal,已完成领域和处置分类；未通过独立粒度评审，保留 ODS 并作为后续维度、事实、快照或运维模型的候选组成来源。
m_wc_loan_disbursement_detail,ods_fineract_m_wc_loan_disbursement_detail,LOAN,WCLN,营运资金贷款,master_or_reference,standalone_fact,DWD,dwd_wc_loan_disbursement,id,full_replay,True,human_reviewed,restricted,Source has expected and actual disbursement dates and amounts at tranche grain.
m_wc_loan_near_breach_action,ods_fineract_m_wc_loan_near_breach_action,LOAN,WCLN,营运资金贷款,event_or_relation,component_source,NONE,,id,ods_full_snapshot,True,candidate,internal,已完成领域和处置分类；未通过独立粒度评审，保留 ODS 并作为后续维度、事实、快照或运维模型的候选组成来源。
m_wc_loan_note,ods_fineract_m_wc_loan_note,LOAN,WCLN,营运资金贷款,master_or_reference,component_source,NONE,,id,ods_full_snapshot,True,candidate,restricted,已完成领域和处置分类；未通过独立粒度评审，保留 ODS 并作为后续维度、事实、快照或运维模型的候选组成来源。
m_wc_loan_originator_mapping,ods_fineract_m_wc_loan_originator_mapping,LOAN,WCLN,营运资金贷款,event_or_relation,bridge_source,NONE,,id,ods_full_snapshot,True,candidate,internal,已完成领域和处置分类；未通过独立粒度评审，保留 ODS 并作为后续维度、事实、快照或运维模型的候选组成来源。
m_wc_loan_payment_allocation_rule,ods_fineract_m_wc_loan_payment_allocation_rule,LOAN,WCLN,营运资金贷款,master_or_reference,rule_reference,NONE,,id,ods_full_snapshot,True,candidate,internal,经人工复核不应直接生成分析事实；保留受控 ODS，并按明确的规则、关系或运维用途参与后续模型设计。
m_wc_loan_period_payment_rate_change,ods_fineract_m_wc_loan_period_payment_rate_change,LOAN,WCLN,营运资金贷款,master_or_reference,component_source,NONE,,id,ods_full_snapshot,True,candidate,internal,已完成领域和处置分类；未通过独立粒度评审，保留 ODS 并作为后续维度、事实、快照或运维模型的候选组成来源。
m_wc_loan_product,ods_fineract_m_wc_loan_product,LOAN,WCLN,营运资金贷款,master_or_reference,standalone_dimension,DIM,dim_wc_loan_product,id,full_snapshot,True,human_reviewed,internal,Working-capital loan product is reusable product reference data.
m_wc_loan_product_configurable_attributes,ods_fineract_m_wc_loan_product_configurable_attributes,LOAN,WCLN,营运资金贷款,master_or_reference,component_source,NONE,,id,ods_full_snapshot,True,candidate,internal,已完成领域和处置分类；未通过独立粒度评审，保留 ODS 并作为后续维度、事实、快照或运维模型的候选组成来源。
m_wc_loan_product_payment_allocation_rule,ods_fineract_m_wc_loan_product_payment_allocation_rule,LOAN,WCLN,营运资金贷款,event_or_relation,rule_reference,NONE,,id,ods_full_snapshot,True,candidate,internal,已完成领域和处置分类；未通过独立粒度评审，保留 ODS 并作为后续维度、事实、快照或运维模型的候选组成来源。
m_wc_loan_range_delinquency_tag,ods_fineract_m_wc_loan_range_delinquency_tag,LOAN,WCLN,营运资金贷款,master_or_reference,component_source,NONE,,id,ods_full_snapshot,True,candidate,internal,已完成领域和处置分类；未通过独立粒度评审，保留 ODS 并作为后续维度、事实、快照或运维模型的候选组成来源。
m_wc_loan_transaction,ods_fineract_m_wc_loan_transaction,LOAN,WCLN,营运资金贷款,event_or_relation,standalone_fact,DWD,dwd_wc_loan_transaction,id,full_replay,True,human_reviewed,restricted,"Source is a dated working-capital transaction with amount, reversal and classification semantics."
m_wc_loan_transaction_allocation,ods_fineract_m_wc_loan_transaction_allocation,LOAN,WCLN,营运资金贷款,event_or_relation,component_source,NONE,,id,ods_full_snapshot,True,candidate,internal,已完成领域和处置分类；未通过独立粒度评审，保留 ODS 并作为后续维度、事实、快照或运维模型的候选组成来源。
m_wc_loan_transaction_relation,ods_fineract_m_wc_loan_transaction_relation,LOAN,WCLN,营运资金贷款,event_or_relation,bridge_source,NONE,,id,ods_full_snapshot,True,candidate,internal,已完成领域和处置分类；未通过独立粒度评审，保留 ODS 并作为后续维度、事实、快照或运维模型的候选组成来源。
m_wc_near_breach,ods_fineract_m_wc_near_breach,LOAN,WCLN,营运资金贷款,event_or_relation,component_source,NONE,,id,ods_full_snapshot,True,candidate,internal,已完成领域和处置分类；未通过独立粒度评审，保留 ODS 并作为后续维度、事实、快照或运维模型的候选组成来源。
m_working_days,ods_fineract_m_working_days,CHNL,ORGN,机构与员工,master_or_reference,standalone_dimension,DIM,dim_working_day_rule,id,full_snapshot,False,human_reviewed,internal,Singleton working-day configuration is a valid rule dimension when scope is explicit.
mix_taxonomy,ods_fineract_mix_taxonomy,OTHR,OTHR,其它银行运营,master_or_reference,component_source,NONE,,id,ods_full_snapshot,False,candidate,internal,已完成领域和处置分类；未通过独立粒度评审，保留 ODS 并作为后续维度、事实、快照或运维模型的候选组成来源。
mix_taxonomy_mapping,ods_fineract_mix_taxonomy_mapping,OTHR,OTHR,其它银行运营,event_or_relation,bridge_source,NONE,,id,ods_full_snapshot,False,candidate,restricted,已完成领域和处置分类；未通过独立粒度评审，保留 ODS 并作为后续维度、事实、快照或运维模型的候选组成来源。
mix_xbrl_namespace,ods_fineract_mix_xbrl_namespace,OTHR,OTHR,其它银行运营,master_or_reference,component_source,NONE,,id,ods_full_snapshot,False,candidate,internal,已完成领域和处置分类；未通过独立粒度评审，保留 ODS 并作为后续维度、事实、快照或运维模型的候选组成来源。
notification_generator,ods_fineract_notification_generator,CHNL,CHNL,渠道与客户服务,master_or_reference,component_source,NONE,,id,ods_full_snapshot,False,candidate,restricted,已完成领域和处置分类；未通过独立粒度评审，保留 ODS 并作为后续维度、事实、快照或运维模型的候选组成来源。
notification_mapper,ods_fineract_notification_mapper,CHNL,CHNL,渠道与客户服务,master_or_reference,component_source,NONE,,id,ods_full_snapshot,False,candidate,internal,已完成领域和处置分类；未通过独立粒度评审，保留 ODS 并作为后续维度、事实、快照或运维模型的候选组成来源。
oauth_access_token,ods_fineract_oauth_access_token,OTHR,OPER,平台运营与安全,technical,security_excluded,NONE,,source row,ods_full_snapshot,False,security_reviewed,restricted,包含密码、令牌或认证凭据，仅保留受限 ODS，禁止进入普通分析层。
oauth_client_details,ods_fineract_oauth_client_details,OTHR,OPER,平台运营与安全,technical,security_excluded,NONE,,client_id,ods_full_snapshot,False,security_reviewed,restricted,包含密码、令牌或认证凭据，仅保留受限 ODS，禁止进入普通分析层。
oauth_refresh_token,ods_fineract_oauth_refresh_token,OTHR,OPER,平台运营与安全,technical,security_excluded,NONE,,source row,ods_full_snapshot,False,security_reviewed,restricted,包含密码、令牌或认证凭据，仅保留受限 ODS，禁止进入普通分析层。
ppi_likelihoods,ods_fineract_ppi_likelihoods,CHNL,CHNL,渠道与客户服务,master_or_reference,component_source,NONE,,id,ods_full_snapshot,True,candidate,internal,已完成领域和处置分类；未通过独立粒度评审，保留 ODS 并作为后续维度、事实、快照或运维模型的候选组成来源。
ppi_likelihoods_ppi,ods_fineract_ppi_likelihoods_ppi,CHNL,CHNL,渠道与客户服务,master_or_reference,component_source,NONE,,id,ods_full_snapshot,True,candidate,internal,已完成领域和处置分类；未通过独立粒度评审，保留 ODS 并作为后续维度、事实、快照或运维模型的候选组成来源。
ppi_scores,ods_fineract_ppi_scores,CHNL,CHNL,渠道与客户服务,master_or_reference,component_source,NONE,,id,ods_full_snapshot,True,candidate,internal,已完成领域和处置分类；未通过独立粒度评审，保留 ODS 并作为后续维度、事实、快照或运维模型的候选组成来源。
r_enum_value,ods_fineract_r_enum_value,OTHR,OTHR,其它银行运营,master_or_reference,component_source,NONE,,"enum_name, enum_id",ods_full_snapshot,False,candidate,internal,已完成领域和处置分类；未通过独立粒度评审，保留 ODS 并作为后续维度、事实、快照或运维模型的候选组成来源。
ref_loan_transaction_processing_strategy,ods_fineract_ref_loan_transaction_processing_strategy,LOAN,LOAN,贷款与信贷,event_or_relation,rule_reference,NONE,,id,ods_full_snapshot,False,candidate,internal,已完成领域和处置分类；未通过独立粒度评审，保留 ODS 并作为后续维度、事实、快照或运维模型的候选组成来源。
request_audit_table,ods_fineract_request_audit_table,OTHR,RISK,风险、合规与审计,technical,security_excluded,NONE,,id,ods_full_snapshot,False,security_reviewed,restricted,包含密码、令牌或认证凭据，仅保留受限 ODS，禁止进入普通分析层。
rpt_sequence,ods_fineract_rpt_sequence,OTHR,OTHR,其它银行运营,technical,operational_only,NONE,,id,ods_full_snapshot,False,candidate,internal,已完成领域和处置分类；未通过独立粒度评审，保留 ODS 并作为后续维度、事实、快照或运维模型的候选组成来源。
scheduled_email_campaign,ods_fineract_scheduled_email_campaign,OTHR,OTHR,其它银行运营,technical,security_excluded,NONE,,id,ods_full_snapshot,False,security_reviewed,restricted,包含密码、令牌或认证凭据，仅保留受限 ODS，禁止进入普通分析层。
scheduled_email_configuration,ods_fineract_scheduled_email_configuration,OTHR,REFR,公共参考与元数据,technical,security_excluded,NONE,,id,ods_full_snapshot,False,security_reviewed,restricted,包含密码、令牌或认证凭据，仅保留受限 ODS，禁止进入普通分析层。
scheduled_email_messages_outbound,ods_fineract_scheduled_email_messages_outbound,OTHR,OTHR,其它银行运营,technical,security_excluded,NONE,,id,ods_full_snapshot,False,security_reviewed,restricted,包含密码、令牌或认证凭据，仅保留受限 ODS，禁止进入普通分析层。
scheduler_detail,ods_fineract_scheduler_detail,OTHR,OPER,平台运营与安全,technical,operational_only,NONE,,id,ods_full_snapshot,False,candidate,internal,已完成领域和处置分类；未通过独立粒度评审，保留 ODS 并作为后续维度、事实、快照或运维模型的候选组成来源。
sms_campaign,ods_fineract_sms_campaign,CHNL,CHNL,渠道与客户服务,technical,security_excluded,NONE,,id,ods_full_snapshot,False,security_reviewed,restricted,包含秘密、认证信息或高风险自由文本，仅保留受限 ODS，禁止进入普通分析层。
sms_messages_outbound,ods_fineract_sms_messages_outbound,CHNL,CHNL,渠道与客户服务,master_or_reference,component_source,NONE,,id,ods_full_snapshot,False,candidate,restricted,已完成领域和处置分类；未通过独立粒度评审，保留 ODS 并作为后续维度、事实、快照或运维模型的候选组成来源。
stretchy_parameter,ods_fineract_stretchy_parameter,OTHR,REFR,公共参考与元数据,technical,operational_only,NONE,,id,ods_full_snapshot,False,candidate,internal,已完成领域和处置分类；未通过独立粒度评审，保留 ODS 并作为后续维度、事实、快照或运维模型的候选组成来源。
stretchy_report,ods_fineract_stretchy_report,OTHR,REFR,公共参考与元数据,technical,operational_only,NONE,,id,ods_full_snapshot,False,candidate,internal,已完成领域和处置分类；未通过独立粒度评审，保留 ODS 并作为后续维度、事实、快照或运维模型的候选组成来源。
stretchy_report_parameter,ods_fineract_stretchy_report_parameter,OTHR,REFR,公共参考与元数据,technical,operational_only,NONE,,id,ods_full_snapshot,False,candidate,internal,已完成领域和处置分类；未通过独立粒度评审，保留 ODS 并作为后续维度、事实、快照或运维模型的候选组成来源。
twofactor_access_token,ods_fineract_twofactor_access_token,OTHR,OPER,平台运营与安全,technical,security_excluded,NONE,,id,ods_full_snapshot,False,security_reviewed,restricted,包含密码、令牌或认证凭据，仅保留受限 ODS，禁止进入普通分析层。
twofactor_configuration,ods_fineract_twofactor_configuration,OTHR,REFR,公共参考与元数据,technical,security_excluded,NONE,,id,ods_full_snapshot,False,security_reviewed,restricted,包含密码、令牌或认证凭据，仅保留受限 ODS，禁止进入普通分析层。
x_registered_table,ods_fineract_x_registered_table,OTHR,OTHR,其它银行运营,master_or_reference,component_source,NONE,,registered_table_name,ods_full_snapshot,False,candidate,internal,已完成领域和处置分类；未通过独立粒度评审，保留 ODS 并作为后续维度、事实、快照或运维模型的候选组成来源。
x_table_column_code_mappings,ods_fineract_x_table_column_code_mappings,OTHR,REFR,公共参考与元数据,event_or_relation,bridge_source,NONE,,column_alias_name,ods_full_snapshot,False,candidate,internal,已完成领域和处置分类；未通过独立粒度评审，保留 ODS 并作为后续维度、事实、快照或运维模型的候选组成来源。
